-- user
INSERT INTO user VALUES (1,'hjackson0','$2a$10$t6eW84Qrmegm9MuSU.pPBu6iC4NBYiTLwE4./G0rj8R3ZYdO4n0I6','jmason0@deviantart.com','(225)115-4710','C',1);
INSERT INTO user VALUES (2,'kmitchell1','$2a$10$oSJCn9tWl2nccCmCP6trSebI6SHFeeyIYHn20wsjm1ToNvXr61tYW','pmorris1@wisc.edu','(797)753-8815','C',1);
INSERT INTO user VALUES (3,'amccoy2','$2a$10$8vqC8KNhP5p9dzQJoEoVsOla/1Uineed6i9.WD6AMSmYpnGxmsomK','jromero2@bloomberg.com','(967)855-1348','C',1);
INSERT INTO user VALUES (4,'jfields3','$2a$10$Nc4hUlHwW483/e0iMNwWmOyUkBOxHZrRhcnr.Vfm98Grypvt9hDLy','grobinson3@ow.ly','(992)919-7960','C',1);
INSERT INTO user VALUES (5,'dmitchell4','$2a$10$YVgQF0BwIuYSAEmWHpSNVOxCmuQzJAjSuwjjYVhNa0BqGRli4Kwpy','fcampbell4@ezinearticles.com','(200)707-8970','C',0);
INSERT INTO user VALUES (6,'djacobs5','$2a$10$vDdt9KoLo8R8Ab7Jv3hH0e6/BEaoYn191Y3kIvS.rKANGKIcstyN2','proberts5@goodreads.com','(404)393-2199','C',1);
INSERT INTO user VALUES (7,'dharvey6','$2a$10$NhAv1tOa1z9kGejjUWWUVu79ohUfJB88GgSQQx/9NG57gzziEhqGS','jcastillo6@bloomberg.com','(609)687-5465','C',0);
INSERT INTO user VALUES (8,'prodriguez7','$2a$10$dQQrT3xZtkH747/6b6oQqOasfPJlLbCRoMCde1QG5pIGW.AT4H1wu','rwoods7@bbb.org','(647)767-8926','C',0);
INSERT INTO user VALUES (9,'lclark8','$2a$10$q8uPz7mIQZ0zRzB/6oUAcuoSw2c0YTtNwg4saAsPzdOU9Vn.ZGe2K','erobinson8@furl.net','(293)798-4498','C',0);
INSERT INTO user VALUES (10,'jhenry9','$2a$10$PD/if9WZTKqpCJcKKM1BkOD/K2h3666orOPzrwbbkmNoP/YHGHbLu','rcampbell9@mapquest.com','(438)128-4688','C',0);
INSERT INTO user VALUES (11,'rgarciaa','$2a$10$ZZbN.PVkL7jaIM8UhyIu6OJ14PsZKuams/5mXAiyzsgD0xnPe1WtG','cjenkinsa@prnewswire.com','(593)923-9177','O',1);
INSERT INTO user VALUES (12,'ayoungb','$2a$10$DyFAKZkBoqUNZ.P8xh65vO6/LkeyYiFBK8PGB7pVJ4S/liK5z8Wbu','ccarterb@theguardian.com','(872)750-6464','O',0);
INSERT INTO user VALUES (13,'echavezc','$2a$10$DMK/FDcLGGcms/X6QMKvYu.pZxfERGivMj01grMTlz8scNPGs6dLW','srodriguezc@paypal.com','(450)119-1285','O',0);
INSERT INTO user VALUES (14,'kstephensd','$2a$10$MWvxMHqxq.hCOfkxtwYAzOG8jtlig24jRZ7.EnJXGTgFgLIAy1Bku','lsimsd@merriam-webster.com','(896)704-4572','O',1);
INSERT INTO user VALUES (15,'hmartine','$2a$10$.5Uup3RUFMCkISWQ9rHCVuTM.m/QicRl7k.r483liMN.jSHedxutW','cnguyene@ezinearticles.com','(937)738-1913','O',0);
INSERT INTO user VALUES (16,'cwhitef','$2a$10$gmE.hWPxwmNflBKF12ugOeIfIPvvJ5uJnNqP5Z/pjDopvKn5AwsrC','trobertsonf@nih.gov','(131)107-2381','A',1);
INSERT INTO user VALUES (17,'phansong','$2a$10$4nE6MqnJX8dIq97BlzLrTeogCXlNj70FZKWJmgoju2TgfsfHKLTOq','agreeneg@virginia.edu','(233)799-2178','A',1);
INSERT INTO user VALUES (18,'wkingh','$2a$10$fsH4N00b7e3guSx19GrbLeWAKpxnTa/E9tjBb6mRoW0Zas3VYhh5K','parnoldh@usgs.gov','(198)931-5393','A',0);
INSERT INTO user VALUES (19,'ldanielsi','$2a$10$tVK8XfDwse.IWAVr7.NAHe910xmD9xKUj4xqVi6UEMmnzZRtJOYxS','jsnyderi@people.com.cn','(825)505-1587','A',1);
INSERT INTO user VALUES (20,'jperryj','$2a$10$SBSv2lsRoaXzBJ7Pkv3vo.N2xFNflH/hDjH7IOfg35evN/va5zZe.','jtuckerj@disqus.com','(795)835-6197','A',0);
INSERT INTO user VALUES (21, 'mcdo', '$2a$10$NKb9/ulKnLxK/XqPDL6WHOCINKR16lW/AvpFs/.0n5Ijr5Zqmbz8S', 'mcdo@gmail.com', '(049)8-7000', 'A', 1);

-- competitor
insert into competitor (id, birthday, first_name, last_name, nickname, sex, bio) values (1, '1991-08-24', 'James', 'Cook', 'James', 'M', 'Water. Earth. Fire. Air.');
insert into competitor (id, birthday, first_name, last_name, nickname, sex, bio) values (2, '1987-04-24', 'Janet', 'Davis', 'Cheryl', 'F', 'Long ago, the four nations lived together in harmony.');
insert into competitor (id, birthday, first_name, last_name, nickname, sex, bio) values (3, '1996-02-09', 'Anna', 'Jones', 'Ashley', 'F', 'Then everything changed when the Fire Nation attacked.');
insert into competitor (id, birthday, first_name, last_name, nickname, sex, bio) values (4, '1992-08-09', 'Steven', 'Allen', 'Carl', 'M', 'Only the Avatar, master of all four elements, could stop them.');
insert into competitor (id, birthday, first_name, last_name, nickname, sex, bio) values (5, '1994-01-20', 'Frances', 'Perez', 'Frances', 'F', 'But when the world needed him most, he vanished.');
insert into competitor (id, birthday, first_name, last_name, nickname, sex, bio) values (6, '1989-02-24', 'Amy', 'Cruz', 'Sara', 'F', 'A hundred years passed and my brother and I discovered the new Avatar,');
insert into competitor (id, birthday, first_name, last_name, nickname, sex, bio) values (7, '1993-07-18', 'Bruce', 'Parker', 'Thomas', 'M', 'an airbender named Aang,');
insert into competitor (id, birthday, first_name, last_name, nickname, sex, bio) values (8, '1992-04-15', 'Daniel', 'Dean', 'Bruce', 'M', 'and although his airbending skills are great, ');
insert into competitor (id, birthday, first_name, last_name, nickname, sex, bio) values (9, '1995-02-07', 'Diana', 'Simmons', 'Patricia', 'F', 'he still has a lot to learn before he iss ready to save anyone.');
insert into competitor (id, birthday, first_name, last_name, nickname, sex, bio) values (10, '1988-09-10', 'Jean', 'Hall', 'Kathryn', 'F', 'But I believe Aang can save the world.');

-- competitor_sport_played
insert into competitor_sport_played (sport_played_id, id, sport_played) values (1, 1, 'Figure Skating');
insert into competitor_sport_played (sport_played_id, id, sport_played) values (2, 2, 'Basketball');
insert into competitor_sport_played (sport_played_id, id, sport_played) values (3, 3, 'Taekwondo');
insert into competitor_sport_played (sport_played_id, id, sport_played) values (4, 4, 'Baseball');
insert into competitor_sport_played (sport_played_id, id, sport_played) values (5, 5, 'Basketball');
insert into competitor_sport_played (sport_played_id, id, sport_played) values (6, 6, 'Sipa');
insert into competitor_sport_played (sport_played_id, id, sport_played) values (7, 7, 'Patintero');
insert into competitor_sport_played (sport_played_id, id, sport_played) values (8, 8, 'Hide and Seek');
insert into competitor_sport_played (sport_played_id, id, sport_played) values (9, 9, 'Track');
insert into competitor_sport_played (sport_played_id, id, sport_played) values (10, 10, 'Judo');
insert into competitor_sport_played (sport_played_id, id, sport_played) values (11, 10, 'Basketball');
insert into competitor_sport_played (sport_played_id, id, sport_played) values (12, 1, 'Judo');
insert into competitor_sport_played (sport_played_id, id, sport_played) values (13, 2, 'Sepak Takraw');
insert into competitor_sport_played (sport_played_id, id, sport_played) values (14, 3, 'Arnis');
insert into competitor_sport_played (sport_played_id, id, sport_played) values (15, 4, 'Fencing');

-- organizer
insert into organizer (id, name, description) values (11, 'Keylex', 'eget elit sodales scelerisque');
insert into organizer (id, name, description) values (12, 'Flowdesk', 'ut suscipit a feugiat');
insert into organizer (id, name, description) values (13, 'Keylex', 'montes nascetur ridiculus mus vivamus');
insert into organizer (id, name, description) values (14, 'Stringtough', 'ut nulla sed accumsan felis');
insert into organizer (id, name, description) values (15, 'Sub-Ex', 'amet diam in magna');

-- sponsor institution
insert into sponsor_institution (sponsor_id, name, description) values (1, 'Livetube', 'vel nisl duis ac');
insert into sponsor_institution (sponsor_id, name, description) values (2, 'Vipe', 'consequat morbi a ipsum integer');
insert into sponsor_institution (sponsor_id, name, description) values (3, 'Wordify', 'porttitor lorem id ligula');
insert into sponsor_institution (sponsor_id, name, description) values (4, 'Kamba', 'hac habitasse platea');
insert into sponsor_institution (sponsor_id, name, description) values (5, 'Zoomlounge', 'ultrices mattis odio donec');
insert into sponsor_institution (sponsor_id, name, description) values (6, 'Edgetag', 'in hac habitasse platea dictumst');
insert into sponsor_institution (sponsor_id, name, description) values (7, 'Wikivu', 'ut volutpat sapien');
insert into sponsor_institution (sponsor_id, name, description) values (8, 'Rhynoodle', 'nisl ut volutpat sapien arcu');
insert into sponsor_institution (sponsor_id, name, description) values (9, 'Vimbo', 'libero quis orci nullam molestie');
insert into sponsor_institution (sponsor_id, name, description) values (10, 'Jetwire', 'at feugiat non pretium quis');

-- organization
insert into organization (organization_id, name) values (1, 'Tin');
insert into organization (organization_id, name) values (2, 'Wrapsafe');
insert into organization (organization_id, name) values (3, 'Quo Lux');
insert into organization (organization_id, name) values (4, 'Viva');
insert into organization (organization_id, name) values (5, 'Asoka');

-- game
insert into game (game_id, organizer_id, name, start_date, end_date, location, description) values (1, 14, 'Subin', '2017-02-24', '2017-03-11', 'Cibitung', 'risus praesent lectus vestibulum quam');
insert into game (game_id, organizer_id, name, start_date, end_date, location, description, overall_winner) values (2, 12, 'Treeflex', '2016-09-05', '2016-10-06', 'Miretice', 'vel nulla eget eros', 5);
insert into game (game_id, organizer_id, name, start_date, end_date, location, description, overall_winner) values (3, 15, 'Sonsing', '2016-02-28', '2017-05-23', 'Krajan Gajihan', 'dui proin leo odio', 5);
insert into game (game_id, organizer_id, name, start_date, end_date, location, description, overall_winner) values (4, 11, 'It', '2016-04-08', '2016-10-10', 'Caimitillo', 'at nulla suspendisse potenti cras', 2);
insert into game (game_id, organizer_id, name, start_date, end_date, location, description, overall_winner) values (5, 12, 'Quo Lux', '2016-03-02', '2017-12-09', 'Tuochuan', 'tempus vivamus in felis eu', 4);
insert into game (game_id, organizer_id, name, start_date, end_date, location, description) values (6, 15, 'Tresom', '2016-06-15', '2016-09-10', 'Weifang', 'bibendum imperdiet nullam orci');
insert into game (game_id, organizer_id, name, start_date, end_date, location, description, overall_winner) values (7, 14, 'Domainer', '2016-06-16', '2017-03-25', 'Pateros', 'est quam pharetra magna ac', 1);
insert into game (game_id, organizer_id, name, start_date, end_date, location, description, overall_winner) values (8, 11, 'Veribet', '2016-01-30', '2017-05-09', 'Basar', 'ultrices mattis odio', 5);
insert into game (game_id, organizer_id, name, start_date, end_date, location, description, overall_winner) values (9, 11, 'Lotlux', '2016-05-19', '2016-06-08', 'Malim', 'ac nulla sed', 5);
insert into game (game_id, organizer_id, name, start_date, end_date, location, description) values (10, 14, 'Prodder', '2016-02-14', '2017-06-20', 'Al Birah', 'faucibus orci luctus');

-- organization in game
insert into organization_in_game (game_id, organization_id) values (7, 3);
insert into organization_in_game (game_id, organization_id) values (1, 5);
insert into organization_in_game (game_id, organization_id) values (6, 3);
insert into organization_in_game (game_id, organization_id) values (3, 3);
insert into organization_in_game (game_id, organization_id) values (6, 2);
insert into organization_in_game (game_id, organization_id) values (3, 2);
insert into organization_in_game (game_id, organization_id) values (4, 5);
insert into organization_in_game (game_id, organization_id) values (6, 4);
insert into organization_in_game (game_id, organization_id) values (3, 4);
insert into organization_in_game (game_id, organization_id) values (3, 5);
insert into organization_in_game (game_id, organization_id) values (10, 2);
insert into organization_in_game (game_id, organization_id) values (7, 2);
insert into organization_in_game (game_id, organization_id) values (7, 5);
insert into organization_in_game (game_id, organization_id) values (10, 3);
insert into organization_in_game (game_id, organization_id) values (10, 1);
insert into organization_in_game (game_id, organization_id) values (5, 2);
insert into organization_in_game (game_id, organization_id) values (9, 3);
insert into organization_in_game (game_id, organization_id) values (9, 4);
insert into organization_in_game (game_id, organization_id) values (8, 1);
insert into organization_in_game (game_id, organization_id) values (9, 1);

-- sponsor_games
insert into sponsor_games (sponsor_id, game_id) values (2, 3);
insert into sponsor_games (sponsor_id, game_id) values (4, 10);
insert into sponsor_games (sponsor_id, game_id) values (2, 8);
insert into sponsor_games (sponsor_id, game_id) values (5, 4);
insert into sponsor_games (sponsor_id, game_id) values (2, 5);
insert into sponsor_games (sponsor_id, game_id) values (6, 3);
insert into sponsor_games (sponsor_id, game_id) values (9, 2);
insert into sponsor_games (sponsor_id, game_id) values (7, 7);
insert into sponsor_games (sponsor_id, game_id) values (5, 1);
insert into sponsor_games (sponsor_id, game_id) values (10, 1);

-- sport
insert into sport (sport_id, sport_name, mechanics, winner, time_start, time_end, start_date, end_date, max_teams, scoring_system, game_id) values (1, 'soCALM Pain Relieving', 'massa id nisl venenatis lacinia aenean sit amet justo morbi ut odio', 3, '08:21:00', '17:16:00', '2016-12-03', '2017-06-05', 10, 'Round Robin', 7);
insert into sport (sport_id, sport_name, mechanics, winner, time_start, time_end, start_date, end_date, max_teams, scoring_system, game_id) values (2, 'Sport Injury Complex', 'vestibulum proin eu mi nulla ac enim in tempor turpis nec', 2, '08:27:00', '17:08:00', '2016-09-01', '2017-03-17', 10, 'All or nothing', 4);
insert into sport (sport_id, sport_name, mechanics, winner, time_start, time_end, start_date, end_date, max_teams, scoring_system, game_id) values (3, 'RILUZOLE', 'placerat ante nulla justo aliquam quis turpis eget elit sodales scelerisque mauris sit', 4, '08:06:00', '17:25:00', '2016-06-21', '2017-05-04', 15, 'Tally Score', 6);
insert into sport (sport_id, sport_name, mechanics, winner, time_start, time_end, start_date, end_date, max_teams, scoring_system, game_id) values (4, 'POTASSIUM CHLORIDE', 'ut tellus nulla ut erat id mauris vulputate elementum nullam varius nulla facilisi', 4, '08:31:00', '18:01:00', '2016-09-11', '2017-01-19', 15, 'One point each', 3);
insert into sport (sport_id, sport_name, mechanics, winner, time_start, time_end, start_date, end_date, max_teams, scoring_system, game_id) values (5, 'DG Body', 'viverra dapibus nulla suscipit ligula in lacus curabitur at ipsum ac tellus', 3, '08:48:00', '17:57:00', '2016-06-21', '2016-07-20', 15, 'No points', 6);
insert into sport (sport_id, sport_name, mechanics, winner, time_start, time_end, start_date, end_date, max_teams, scoring_system, game_id) values (6, 'cold and cough', 'felis donec semper sapien a libero nam dui proin leo odio', 4, '08:36:00', '18:03:00', '2017-01-24', '2017-02-16', 10, 'This is a scoring system', 2);
insert into sport (sport_id, sport_name, mechanics, winner, time_start, time_end, start_date, end_date, max_teams, scoring_system, game_id) values (7, 'Rizatriptan Benzoate', 'condimentum id luctus nec molestie sed justo pellentesque viverra pede ac diam cras pellentesque volutpat dui maecenas tristique', 1, '07:14:00', '18:01:00', '2016-08-18', '2016-12-03', 10, 'who knows', 9);
insert into sport (sport_id, sport_name, mechanics, winner, time_start, time_end, start_date, end_date, max_teams, scoring_system, game_id) values (8, 'Methocarbamol', 'mi sit amet lobortis sapien sapien non mi integer ac neque duis bibendum morbi non quam nec', 1, '07:33:00', '18:42:00', '2016-08-05', '2017-04-24', 20, 'Round Robin', 6);
insert into sport (sport_id, sport_name, mechanics, winner, time_start, time_end, start_date, end_date, max_teams, scoring_system, game_id) values (9, 'ENALAPRIL MALEATE', 'dui proin leo odio porttitor id consequat in consequat ut nulla sed accumsan felis ut at dolor quis', 4, '07:46:00', '18:31:00', '2016-10-04', '2017-04-28', 20, 'FCFS', 8);
insert into sport (sport_id, sport_name, mechanics, winner, time_start, time_end, start_date, end_date, max_teams, scoring_system, game_id) values (10, 'PERJETA', 'potenti cras in purus eu magna vulputate luctus cum sociis natoque penatibus et magnis dis parturient montes nascetur', 1, '07:05:00', '18:18:00', '2016-11-25', '2016-12-01', 10, 'SJFS', 2);

-- team
insert into team (team_id, team_name, id, sport_id, team_organization, pending_participation, max_members) values (1, 'Health Mart Z Sleep', 7, 3, 1, 1, 15);
insert into team (team_id, team_name, id, sport_id, team_organization, pending_participation, max_members) values (2, 'Oxygen', 7, 8, 2, 1, 15);
insert into team (team_id, team_name, id, sport_id, team_organization, pending_participation, max_members) values (3, 'Nifedipine', 10, 9, 1, 1, 20);
insert into team (team_id, team_name, id, sport_id, team_organization, pending_participation, max_members) values (4, 'Phenylephrine Hydrochloride', 8, 2, 3,0, 20);
insert into team (team_id, team_name, id, sport_id, team_organization, pending_participation, max_members) values (5, 'Goldenrod', 2, 5, 1,0, 20);
insert into team (team_id, team_name, id, sport_id, team_organization, pending_participation, max_members) values (6, 'Allergy Relief', 7, 9, 2,1, 20);
insert into team (team_id, team_name, id, sport_id, team_organization, pending_participation, max_members) values (7, 'SHISEIDO SHEER AND PERFECT FOUNDATION', 6, 8, 1,1, 20);
insert into team (team_id, team_name, id, sport_id, team_organization, pending_participation, max_members) values (8, 'Good Sense Childrens Mucus Relief Cough', 2, 10, 2,1, 15);
insert into team (team_id, team_name, id, sport_id, team_organization, pending_participation, max_members) values (9, 'Hemorrhoidal', 2, 6, 4,1, 15);
insert into team (team_id, team_name, id, sport_id, team_organization, pending_participation, max_members) values (10, 'Diprivan', 4, 1, 2,1, 15);

-- sport_match
insert into sport_match (match_id, time_start, time_end, sport_id, match_date, remarks) values (1, '08:59:00', '18:57:00', 3, '2016-06-20', 'ac enim in tempor turpis nec');
insert into sport_match (match_id, time_start, time_end, sport_id, match_date, remarks) values (2, '07:32:00', '17:32:00', 3, '2016-06-20', 'magna vulputate luctus cum sociis natoque penatibus');
insert into sport_match (match_id, time_start, time_end, sport_id, match_date, remarks) values (3, '08:48:00', '17:20:00', 7, '2016-08-22', 'cum sociis natoque penatibus et magnis dis parturient');
insert into sport_match (match_id, time_start, time_end, sport_id, match_date, remarks) values (4, '08:57:00', '17:01:00', 2, '2016-09-03', 'luctus cum sociis natoque penatibus et magnis');
insert into sport_match (match_id, time_start, time_end, sport_id, match_date, remarks) values (5, '08:40:00', '18:59:00', 9, '2016-10-09', 'velit nec nisi vulputate nonummy maecenas tincidunt');
insert into sport_match (match_id, time_start, time_end, sport_id, match_date, remarks) values (6, '08:55:00', '18:18:00', 10, '2016-11-30', 'ultrices posuere cubilia curae donec pharetra magna');
insert into sport_match (match_id, time_start, time_end, sport_id, match_date, remarks) values (7, '08:25:00', '18:02:00', 4, '2016-09-20', 'quis justo maecenas rhoncus aliquam');
insert into sport_match (match_id, time_start, time_end, sport_id, match_date, remarks) values (8, '07:47:00', '17:38:00', 7, '2016-08-22', 'sem mauris laoreet ut rhoncus');
insert into sport_match (match_id, time_start, time_end, sport_id, match_date, remarks) values (9, '07:10:00', '18:38:00', 9, '2016-10-09', 'at turpis a pede posuere nonummy');
insert into sport_match (match_id, time_start, time_end, sport_id, match_date, remarks) values (10, '07:14:00', '18:29:00', 3, '2016-06-20', 'nisl ut volutpat sapien arcu sed augue');
insert into sport_match (match_id, time_start, time_end, sport_id, match_date, remarks) values (11, '08:01:00', '17:43:00', 10, '2016-11-30', 'lectus pellentesque eget nunc donec quis');
insert into sport_match (match_id, time_start, time_end, sport_id, match_date, remarks) values (12, '07:40:00', '18:13:00', 6, '2017-01-28', 'ultrices posuere cubilia curae mauris viverra');
insert into sport_match (match_id, time_start, time_end, sport_id, match_date, remarks) values (13, '08:30:00', '17:42:00', 8, '2016-08-10', 'facilisi cras non velit nec nisi');
insert into sport_match (match_id, time_start, time_end, sport_id, match_date, remarks) values (14, '07:35:00', '17:03:00', 10, '2016-11-30', 'neque sapien placerat ante nulla justo');
insert into sport_match (match_id, time_start, time_end, sport_id, match_date, remarks) values (15, '08:46:00', '17:10:00', 6, '2017-01-28', 'dui vel nisl duis ac nibh');


-- team_in_match
insert into team_in_match (match_id, team_id) values (12, 9);
insert into team_in_match (match_id, team_id) values (4, 10);
insert into team_in_match (match_id, team_id) values (3, 10);
insert into team_in_match (match_id, team_id) values (4, 6);
insert into team_in_match (match_id, team_id) values (11, 2);
insert into team_in_match (match_id, team_id) values (2, 10);
insert into team_in_match (match_id, team_id) values (14, 4);
insert into team_in_match (match_id, team_id) values (9, 10);
insert into team_in_match (match_id, team_id) values (7, 7);
insert into team_in_match (match_id, team_id) values (12, 6);
insert into team_in_match (match_id, team_id) values (6, 4);
insert into team_in_match (match_id, team_id) values (15, 6);
insert into team_in_match (match_id, team_id) values (2, 2);
insert into team_in_match (match_id, team_id) values (10, 5);
insert into team_in_match (match_id, team_id) values (9, 3);

-- team_announcement
insert into team_announcement (team_announcement_id, team_id, announcement) values (1, 8, 'Lets get down to business, to defeat the Huns');
insert into team_announcement (team_announcement_id, team_id, announcement) values (2, 3, 'Did they send me daughters, when I asked for sons?');
insert into team_announcement (team_announcement_id, team_id, announcement) values (3, 9, 'Youre the saddest bunch I ever met');
insert into team_announcement (team_announcement_id, team_id, announcement) values (4, 6, 'But you can bet before were through');
insert into team_announcement (team_announcement_id, team_id, announcement) values (5, 8, 'Mister, Ill make a man out you');
insert into team_announcement (team_announcement_id, team_id, announcement) values (6, 1, 'Tranquil as the forest, but on fire within');
insert into team_announcement (team_announcement_id, team_id, announcement) values (7, 3, 'Once you find your center, you are sure to win');
insert into team_announcement (team_announcement_id, team_id, announcement) values (8, 1, 'Youre a spineless, pale, pathetic lot');
insert into team_announcement (team_announcement_id, team_id, announcement) values (9, 10, 'And you havent got a clue');
insert into team_announcement (team_announcement_id, team_id, announcement) values (10, 3, 'Somehow Ill make a man out of you');

-- competitor_joins_team
insert into competitor_joins_team (id, team_id, is_member) values (5, 7, 1);
insert into competitor_joins_team (id, team_id, is_member) values (7, 1, 0);
insert into competitor_joins_team (id, team_id, is_member) values (6, 2, 1);
insert into competitor_joins_team (id, team_id, is_member) values (9, 10, 0);
insert into competitor_joins_team (id, team_id, is_member) values (9, 9, 0);
insert into competitor_joins_team (id, team_id, is_member) values (9, 5, 1);
insert into competitor_joins_team (id, team_id, is_member) values (6, 9, 1);
insert into competitor_joins_team (id, team_id, is_member) values (7, 5, 0);
insert into competitor_joins_team (id, team_id, is_member) values (1, 2, 0);
insert into competitor_joins_team (id, team_id, is_member) values (5, 2, 0);

-- team_joins_sport
insert into team_joins_sport (team_id, sport_id, is_approved) values (5, 5, 1);
insert into team_joins_sport (team_id, sport_id, is_approved) values (1, 1, 1);
insert into team_joins_sport (team_id, sport_id, is_approved) values (9, 4, 0);
insert into team_joins_sport (team_id, sport_id, is_approved) values (10, 7, 1);
insert into team_joins_sport (team_id, sport_id, is_approved) values (6, 1, 1);
insert into team_joins_sport (team_id, sport_id, is_approved) values (4, 8, 0);
insert into team_joins_sport (team_id, sport_id, is_approved) values (9, 5, 1);
insert into team_joins_sport (team_id, sport_id, is_approved) values (6, 3, 1);
insert into team_joins_sport (team_id, sport_id, is_approved) values (1, 7, 0);
insert into team_joins_sport (team_id, sport_id, is_approved) values (5, 4, 0);

-- log
insert into log (log_id, id, content, date_created) values (1, 1, 'eros suspendisse accumsan tortor quis turpis sed ante', '2017-3-29');
insert into log (log_id, id, content, date_created) values (2, 3, 'ipsum ac tellus semper interdum mauris ullamcorper purus sit amet', '2016-6-5');
insert into log (log_id, id, content, date_created) values (3, 6, 'est quam pharetra magna ac consequat metus', '2016-6-3');
insert into log (log_id, id, content, date_created) values (4, 2, 'dolor quis odio consequat varius', '2016-11-20');
insert into log (log_id, id, content, date_created) values (5, 4, 'in est risus auctor sed tristique in', '2016-7-22');
insert into log (log_id, id, content, date_created) values (6, 5, 'enim in tempor turpis nec euismod scelerisque quam turpis adipiscing', '2017-3-19');
insert into log (log_id, id, content, date_created) values (7, 6, 'arcu sed augue aliquam erat volutpat in congue', '2016-6-9');
insert into log (log_id, id, content, date_created) values (8, 2, 'turpis donec posuere metus vitae ipsum aliquam non mauris morbi', '2016-4-11');
insert into log (log_id, id, content, date_created) values (9, 2, 'ultrices posuere cubilia curae mauris viverra diam vitae', '2017-3-27');
insert into log (log_id, id, content, date_created) values (10, 5, 'nulla nunc purus phasellus in felis', '2016-11-9');





